Sponsors, Podcast Link, Date Posted
Podcast Links: ['https://lewishowes.com/gmyo', 'https://www.amazon.com/100M-Offers-Pe...', 'http://lewishowes.com/'], Link: https://www.youtube.com/watch?v=JPCJEtMXOu0&pp=ygUPZmluYW5jZSBwb2RjYXN0, Date: 2023-02-09
Podcast Links: ['https://amzn.to/3DC4Due', 'https://www.erikataughtme.com/follow', 'https://erika.com/review', 'https://www.erikataughtme.com/', 'https://erika.com/3D-money', 'https://erika.com/mastering-YT', 'https://erika.com/all-links'], Link: https://www.youtube.com/watch?v=EIoEkbk4zcM&pp=ygUPZmluYW5jZSBwb2RjYXN0, Date: 2023-04-15
Podcast Links: ['https://go.calebhammer.com', 'https://go.calebhammer.com/review/', 'https://sofi.com/hammer', 'https://j.us.moomoo.com/00Cqzn', 'https://j.moomoo.com/00Bn5Z', 'https://coursecareers.com/a/calebhammer', 'https://mintmobile.com/hammer', 'https://aura.com/hammer', 'https://www.calebhammer.com/rules', 'https://shop.calebhammer.com', 'https://linktr.ee/calebhammer', 'https://forms.gle/AWd3TSHZgehBQMeYA'], Link: https://www.youtube.com/watch?v=Ey60bCnjr64&pp=ygUPZmluYW5jZSBwb2RjYXN0, Date: 2024-01-10
Podcast Links: ['https://stablemoney.app.link/MpVtGbpgiGb', 'https://bbsh.in/launch-yt', 'https://bbsh.in/launch-yt', 'https://open.spotify.com/show/3ptiw7n...', 'https://amzn.to/3tRdGSk', 'https://amzn.to/3XsbYVe', 'https://amzn.to/3i5K5SH', 'https://amzn.to/3TX9lrj', 'https://amzn.to/3Oxwz6h', 'https://amzn.to/3i8hWdB', 'https://amzn.to/3XkQOZ3', 'https://amzn.to/3XE6Hdl', 'https://amzn.to/3TZfIuf', 'https://amzn.to/3GDSaYK', 'https://amzn.to/3tRZ9pt', 'https://amzn.to/3GGQNZs', 'https://amzn.to/3TW4Ltj', 'https://whatsapp.com/channel/0029VaA5...', 'https://t.me/beerbicepsguy'], Link: https://www.youtube.com/watch?v=-CN8oSAMhec&pp=ygUPZmluYW5jZSBwb2RjYXN0, Date: 2024-01-19
Podcast Links: ['https://goo.gl/GjPwhe', 'https://www.youtube.com/c/TheRamseySh...', 'https://www.youtube.com/c/TheRamseySh...', 'https://www.youtube.com/c/TheRamseySh...', 'https://www.youtube.com/c/JohnDelony?...', 'https://www.youtube.com/user/RachelCr...', 'https://www.youtube.com/user/aonealmi...', 'https://www.youtube.com/c/TheKenColem...', 'https://www.youtube.com/c/ChristyWrig...', 'https://www.youtube.com/c/entreleader...'], Link: https://www.youtube.com/watch?v=xvLPJBUXhM4&pp=ygUPZmluYW5jZSBwb2RjYXN0, Date: 2018-02-10
Podcast Links: ['https://amzn.to/3MVGrq2', 'https://www.erikataughtme.com/follow', 'https://erika.com/review', 'https://www.erikataughtme.com/', 'https://erika.com/3D-money', 'https://erika.com/mastering-YT', 'https://erika.com/all-links'], Link: https://www.youtube.com/watch?v=qpIlU7nuUmE&pp=ygUPZmluYW5jZSBwb2RjYXN0, Date: 2023-06-14
Podcast Links: ['https://www.youtube.com/c/TheRamseySh...', 'https://bit.ly/3cEP4n6', 'https://www.youtube.com/c/TheRamseySh...'], Link: https://www.youtube.com/watch?v=w_RKtck8XCA&pp=ygUPZmluYW5jZSBwb2RjYXN0, Date: 2023-02-09
Podcast Links: ['https://bit.ly/4a8ljrx'], Link: https://www.youtube.com/watch?v=zHt5Mdr0QFk&pp=ygUPZmluYW5jZSBwb2RjYXN0, Date: 2023-09-12
Podcast Links: ['https://amzn.to/3kux3j0', 'https://www.erikataughtme.com/follow', 'https://erika.com/review', 'https://www.erikataughtme.com/', 'https://erika.com/3D-money', 'https://erika.com/mastering-YT', 'https://erika.com/all-links'], Link: https://www.youtube.com/watch?v=MMHOzuec_Jc&pp=ygUPZmluYW5jZSBwb2RjYXN0, Date: 2023-06-14
Podcast Links: ['https://jayshettypurpose.com/fb-getti...', 'http://calm.com/jay'], Link: https://www.youtube.com/watch?v=mc68ZO-5eDY&pp=ygUPZmluYW5jZSBwb2RjYXN0, Date: 2023-02-09
Podcast Links: ['https://bit.ly/3Om30Gw', 'https://bit.ly/3NXDNAH', 'https://smarturl.it/DOACbook', 'https://bit.ly/3Dpmgx5', 'http://bit.ly/3nIkGAZ', 'http://bit.ly/3ztHuHm', 'https://bit.ly/41Fl95Q', 'http://bit.ly/3nJYxST', 'https://g2ul0.app.link/G4RjcdKNKsb', 'http://bit.ly/3zNvvop'], Link: https://www.youtube.com/watch?v=ORqd9QAC8OY&pp=ygUPZmluYW5jZSBwb2RjYXN0, Date: 2023-08-13
Podcast Links: ['https://canadianpreparedness.com/', 'https://jasemedical.com/canadianprepper', 'https://tinyurl.com/nhhtddh6', 'https://www.dpbolvw.net/click-1008109...', 'https://www.dpbolvw.net/click-1008109...', 'https://canadianpreparedness.com/coll...', 'https://canadianpreparedness.com/coll...', 'https://canadianpreparedness.com/coll...', 'https://www.canadianpreparedness.com/...', 'https://canadianpreparedness.com/coll...', 'https://canadianpreparedness.com/coll...', 'https://canadianpreparedness.com/coll...', 'https://canadianpreparedness.com/coll...', 'https://canadianpreparedness.com/coll...', 'https://canadianpreparedness.com/coll...', 'https://canadianpreparedness.com/coll...'], Link: https://www.youtube.com/watch?v=xTgsonnjOjs&pp=ygUPZmluYW5jZSBwb2RjYXN0, Date: 2024-02-09
Podcast Links: ['https://bit.ly/3Bba9S4', 'https://www.youtube.com/c/Candaceshow...', 'https://bit.ly/3RCaUK1', 'https://bit.ly/3TA0s6T'], Link: https://www.youtube.com/watch?v=MWpyrUaU-Ok&pp=ygUPZmluYW5jZSBwb2RjYXN0, Date: 2024-02-09
Podcast Links: ['https://PayPal.Me/timothyjward', 'https://cash.me/$tr2th', 'https://amzn.to/4a3iTKQ', 'https://amzn.to/3Gnac06', 'https://amzn.to/3nd4N2j', 'https://amzn.to/3u1gbBT', 'https://amzn.to/3nfYVFj', 'https://amzn.to/3KIgBEK', 'https://amzn.to/40bIL0H', 'https://amzn.to/3MLAFZH'], Link: https://www.youtube.com/watch?v=8cN8x4tCo0k&pp=ygUPZmluYW5jZSBwb2RjYXN0, Date: 2024-02-09
Podcast Links: ['https://meidastouch.com', 'https://podcasts.apple.com/us/podcast...', 'https://store.meidastouch.com'], Link: https://www.youtube.com/watch?v=2vMexktQMag&pp=ygUPZmluYW5jZSBwb2RjYXN0, Date: 2024-02-09
Podcast Links: ['https://jayshettypurpose.com/fb-getti...', 'http://calm.com/jay'], Link: https://www.youtube.com/watch?v=Y3WmxC9uyns&pp=ygUPZmluYW5jZSBwb2RjYXN0, Date: 2023-02-09
Podcast Links: ['https://go.calebhammer.com', 'https://go.calebhammer.com/review/', 'https://sofi.com/hammer', 'https://j.us.moomoo.com/00Cqzn', 'https://j.moomoo.com/00Bn5Z', 'https://coursecareers.com/a/calebhammer', 'https://mintmobile.com/hammer', 'https://aura.com/hammer', 'https://www.calebhammer.com/rules', 'https://shop.calebhammer.com', 'https://linktr.ee/calebhammer', 'https://forms.gle/AWd3TSHZgehBQMeYA'], Link: https://www.youtube.com/watch?v=87qL_bZnAMk&pp=ygUPZmluYW5jZSBwb2RjYXN0, Date: 2023-02-09
Podcast Links: [], Link: https://www.youtube.com/watch?v=yd5ZwGVmluM&pp=ygUPZmluYW5jZSBwb2RjYXN0, Date: 2023-11-11
Podcast Links: ['https://amzn.to/3NJ0A3T', 'https://podcasts.apple.com/us/podcast...', 'https://open.spotify.com/show/07GQhOZ...', 'https://lewishowes.com/1551', 'https://lewishowes.com/gmyo', 'https://lewishowes.com/greatnessdeliv...', 'http://lewishowes.com/'], Link: https://www.youtube.com/watch?v=fUtDU0U7Zqw&pp=ygUPZmluYW5jZSBwb2RjYXN0, Date: 2024-01-10
